"Program","Year","Period","Week Ending","Geo Level","State","State ANSI","Ag District","Ag District Code","County","County ANSI","Zip Code","Region","watershed_code","Watershed","Commodity","Domain","Domain Category","STRAWBERRIES, BEARING - APPLICATIONS, MEASURED IN LB  -  <b>VALUE</b>","STRAWBERRIES, BEARING - APPLICATIONS, MEASURED IN LB  -  <b>CV (%)</b>","STRAWBERRIES, BEARING - APPLICATIONS, MEASURED IN LB / ACRE / APPLICATION, AVG  -  <b>VALUE</b>","STRAWBERRIES, BEARING - APPLICATIONS, MEASURED IN LB / ACRE / APPLICATION, AVG  -  <b>CV (%)</b>","STRAWBERRIES, BEARING - APPLICATIONS, MEASURED IN LB / ACRE / YEAR, AVG  -  <b>VALUE</b>","STRAWBERRIES, BEARING - APPLICATIONS, MEASURED IN LB / ACRE / YEAR, AVG  -  <b>CV (%)</b>","STRAWBERRIES, BEARING - APPLICATIONS, MEASURED IN NUMBER, AVG  -  <b>VALUE</b>","STRAWBERRIES, BEARING - APPLICATIONS, MEASURED IN NUMBER, AVG  -  <b>CV (%)</b>","STRAWBERRIES, BEARING - TREATED, MEASURED IN PCT OF AREA BEARING, AVG  -  <b>VALUE</b>","STRAWBERRIES, BEARING - TREATED, MEASURED IN PCT OF AREA BEARING, AVG  -  <b>CV (%)</b>"
"SURVEY","2023","YEAR","","REGION : MULTI-STATE","","","","","","","","PROGRAM STATES","00000000","","STRAWBERRIES","CHEMICAL, FUNGICIDE","CHEMICAL, FUNGICIDE: (AZOXYSTROBIN = 128810)","3,400","","0.231","","0.322","","1.4","","19",""
"SURVEY","2023","YEAR","","REGION : MULTI-STATE","","","","","","","","PROGRAM STATES","00000000","","STRAWBERRIES","CHEMICAL, FUNGICIDE","CHEMICAL, FUNGICIDE: (BACILLUS AMYLOLIQUEFAC F727 = 16489)"," (NA)",""," (NA)",""," (NA)",""," (D)",""," (D)",""
"SURVEY","2023","YEAR","","REGION : MULTI-STATE","","","","","","","","PROGRAM STATES","00000000","","STRAWBERRIES","CHEMICAL, FUNGICIDE","CHEMICAL, FUNGICIDE: (BACILLUS AMYLOLIQUEFACIENS STRAIN D747 = 16482)"," (NA)",""," (NA)",""," (NA)",""," (D)",""," (D)",""
"SURVEY","2023","YEAR","","REGION : MULTI-STATE","","","","","","","","PROGRAM STATES","00000000","","STRAWBERRIES","CHEMICAL, FUNGICIDE","CHEMICAL, FUNGICIDE: (BACILLUS SUBTILIS = 6479)"," (NA)",""," (NA)",""," (NA)",""," (D)",""," (D)",""
"SURVEY","2023","YEAR","","REGION : MULTI-STATE","","","","","","","","PROGRAM STATES","00000000","","STRAWBERRIES","CHEMICAL, FUNGICIDE","CHEMICAL, FUNGICIDE: (BLAD = 30006)"," (D)",""," (D)",""," (D)",""," (D)",""," (D)",""
"SURVEY","2023","YEAR","","REGION : MULTI-STATE","","","","","","","","PROGRAM STATES","00000000","","STRAWBERRIES","CHEMICAL, FUNGICIDE","CHEMICAL, FUNGICIDE: (BORAX DECAHYDRATE = 11102)","2,800","","0.042","","0.093","","2.2","","52",""
"SURVEY","2023","YEAR","","REGION : MULTI-STATE","","","","","","","","PROGRAM STATES","00000000","","STRAWBERRIES","CHEMICAL, FUNGICIDE","CHEMICAL, FUNGICIDE: (BOSCALID = 128008)"," (D)",""," (D)",""," (D)",""," (D)",""," (D)",""
"SURVEY","2023","YEAR","","REGION : MULTI-STATE","","","","","","","","PROGRAM STATES","00000000","","STRAWBERRIES","CHEMICAL, FUNGICIDE","CHEMICAL, FUNGICIDE: (BT SUBSP KURSTAKI EVB-113-19 = 6544)"," (NA)",""," (NA)",""," (NA)",""," (D)",""," (D)",""
"SURVEY","2023","YEAR","","REGION : MULTI-STATE","","","","","","","","PROGRAM STATES","00000000","","STRAWBERRIES","CHEMICAL, FUNGICIDE","CHEMICAL, FUNGICIDE: (CAPTAN = 81301)","747,100","","1.746","","14.491","","8.3","","90",""
"SURVEY","2023","YEAR","","REGION : MULTI-STATE","","","","","","","","PROGRAM STATES","00000000","","STRAWBERRIES","CHEMICAL, FUNGICIDE","CHEMICAL, FUNGICIDE: (CHLOROTHALONIL = 81901)"," (D)",""," (D)",""," (D)",""," (D)",""," (D)",""
"SURVEY","2023","YEAR","","REGION : MULTI-STATE","","","","","","","","PROGRAM STATES","00000000","","STRAWBERRIES","CHEMICAL, FUNGICIDE","CHEMICAL, FUNGICIDE: (COPPER CHLORIDE HYD. = 23501)"," (D)",""," (D)",""," (D)",""," (D)",""," (D)",""
"SURVEY","2023","YEAR","","REGION : MULTI-STATE","","","","","","","","PROGRAM STATES","00000000","","STRAWBERRIES","CHEMICAL, FUNGICIDE","CHEMICAL, FUNGICIDE: (COPPER HYDROXIDE = 23401)"," (D)",""," (D)",""," (D)",""," (D)",""," (D)",""
"SURVEY","2023","YEAR","","REGION : MULTI-STATE","","","","","","","","PROGRAM STATES","00000000","","STRAWBERRIES","CHEMICAL, FUNGICIDE","CHEMICAL, FUNGICIDE: (CYFLUFENAMID = 555550)","800","","0.022","","0.073","","3.3","","19",""
"SURVEY","2023","YEAR","","REGION : MULTI-STATE","","","","","","","","PROGRAM STATES","00000000","","STRAWBERRIES","CHEMICAL, FUNGICIDE","CHEMICAL, FUNGICIDE: (CYMOXANIL = 129106)"," (D)",""," (D)",""," (D)",""," (D)",""," (D)",""
"SURVEY","2023","YEAR","","REGION : MULTI-STATE","","","","","","","","PROGRAM STATES","00000000","","STRAWBERRIES","CHEMICAL, FUNGICIDE","CHEMICAL, FUNGICIDE: (CYPRODINIL = 288202)","40,100","","0.294","","0.841","","2.9","","83",""
"SURVEY","2023","YEAR","","REGION : MULTI-STATE","","","","","","","","PROGRAM STATES","00000000","","STRAWBERRIES","CHEMICAL, FUNGICIDE","CHEMICAL, FUNGICIDE: (DIFENOCONAZOLE = 128847)"," (D)",""," (D)",""," (D)",""," (D)",""," (D)",""
"SURVEY","2023","YEAR","","REGION : MULTI-STATE","","","","","","","","PROGRAM STATES","00000000","","STRAWBERRIES","CHEMICAL, FUNGICIDE","CHEMICAL, FUNGICIDE: (FAMOXADONE = 113202)"," (D)",""," (D)",""," (D)",""," (D)",""," (D)",""
"SURVEY","2023","YEAR","","REGION : MULTI-STATE","","","","","","","","PROGRAM STATES","00000000","","STRAWBERRIES","CHEMICAL, FUNGICIDE","CHEMICAL, FUNGICIDE: (FENHEXAMID = 90209)"," (D)",""," (D)",""," (D)",""," (D)",""," (D)",""
"SURVEY","2023","YEAR","","REGION : MULTI-STATE","","","","","","","","PROGRAM STATES","00000000","","STRAWBERRIES","CHEMICAL, FUNGICIDE","CHEMICAL, FUNGICIDE: (FLUDIOXONIL = 71503)","28,500","","0.195","","0.566","","2.9","","88",""
"SURVEY","2023","YEAR","","REGION : MULTI-STATE","","","","","","","","PROGRAM STATES","00000000","","STRAWBERRIES","CHEMICAL, FUNGICIDE","CHEMICAL, FUNGICIDE: (FLUOPYRAM = 80302)"," (D)",""," (D)",""," (D)",""," (D)",""," (D)",""
"SURVEY","2023","YEAR","","REGION : MULTI-STATE","","","","","","","","PROGRAM STATES","00000000","","STRAWBERRIES","CHEMICAL, FUNGICIDE","CHEMICAL, FUNGICIDE: (FLUXAPYROXAD = 138009)"," (D)",""," (D)",""," (D)",""," (D)",""," (D)",""
"SURVEY","2023","YEAR","","REGION : MULTI-STATE","","","","","","","","PROGRAM STATES","00000000","","STRAWBERRIES","CHEMICAL, FUNGICIDE","CHEMICAL, FUNGICIDE: (FOSETYL-AL = 123301)"," (D)",""," (D)",""," (D)",""," (D)",""," (D)",""
"SURVEY","2023","YEAR","","REGION : MULTI-STATE","","","","","","","","PROGRAM STATES","00000000","","STRAWBERRIES","CHEMICAL, FUNGICIDE","CHEMICAL, FUNGICIDE: (IPRODIONE = 109801)"," (D)",""," (D)",""," (D)",""," (D)",""," (D)",""
"SURVEY","2023","YEAR","","REGION : MULTI-STATE","","","","","","","","PROGRAM STATES","00000000","","STRAWBERRIES","CHEMICAL, FUNGICIDE","CHEMICAL, FUNGICIDE: (ISOFETAMID = 270000)","6,900","","0.486","","0.897","","1.8","","13",""
"SURVEY","2023","YEAR","","REGION : MULTI-STATE","","","","","","","","PROGRAM STATES","00000000","","STRAWBERRIES","CHEMICAL, FUNGICIDE","CHEMICAL, FUNGICIDE: (MANCOZEB = 14504)"," (D)",""," (D)",""," (D)",""," (D)",""," (D)",""
"SURVEY","2023","YEAR","","REGION : MULTI-STATE","","","","","","","","PROGRAM STATES","00000000","","STRAWBERRIES","CHEMICAL, FUNGICIDE","CHEMICAL, FUNGICIDE: (MEFENOXAM = 113502)"," (D)",""," (D)",""," (D)",""," (D)",""," (D)",""
"SURVEY","2023","YEAR","","REGION : MULTI-STATE","","","","","","","","PROGRAM STATES","00000000","","STRAWBERRIES","CHEMICAL, FUNGICIDE","CHEMICAL, FUNGICIDE: (MONO-POTASSIUM SALT = 76416)"," (D)",""," (D)",""," (D)",""," (D)",""," (D)",""
"SURVEY","2023","YEAR","","REGION : MULTI-STATE","","","","","","","","PROGRAM STATES","00000000","","STRAWBERRIES","CHEMICAL, FUNGICIDE","CHEMICAL, FUNGICIDE: (MYCLOBUTANIL = 128857)","10,800","","0.105","","0.546","","5.2","","34",""
"SURVEY","2023","YEAR","","REGION : MULTI-STATE","","","","","","","","PROGRAM STATES","00000000","","STRAWBERRIES","CHEMICAL, FUNGICIDE","CHEMICAL, FUNGICIDE: (PENTHIOPYRAD = 90112)"," (D)",""," (D)",""," (D)",""," (D)",""," (D)",""
"SURVEY","2023","YEAR","","REGION : MULTI-STATE","","","","","","","","PROGRAM STATES","00000000","","STRAWBERRIES","CHEMICAL, FUNGICIDE","CHEMICAL, FUNGICIDE: (POLYOXIN D ZINC SALT = 230000)","3,300","","0.061","","0.109","","1.8","","53",""
"SURVEY","2023","YEAR","","REGION : MULTI-STATE","","","","","","","","PROGRAM STATES","00000000","","STRAWBERRIES","CHEMICAL, FUNGICIDE","CHEMICAL, FUNGICIDE: (PROPICONAZOLE = 122101)"," (D)",""," (D)",""," (D)",""," (D)",""," (D)",""
"SURVEY","2023","YEAR","","REGION : MULTI-STATE","","","","","","","","PROGRAM STATES","00000000","","STRAWBERRIES","CHEMICAL, FUNGICIDE","CHEMICAL, FUNGICIDE: (PYDIFLUMETOFEN = 90110)","2,400","","0.116","","0.219","","1.9","","19",""
"SURVEY","2023","YEAR","","REGION : MULTI-STATE","","","","","","","","PROGRAM STATES","00000000","","STRAWBERRIES","CHEMICAL, FUNGICIDE","CHEMICAL, FUNGICIDE: (PYRACLOSTROBIN = 99100)"," (D)",""," (D)",""," (D)",""," (D)",""," (D)",""
"SURVEY","2023","YEAR","","REGION : MULTI-STATE","","","","","","","","PROGRAM STATES","00000000","","STRAWBERRIES","CHEMICAL, FUNGICIDE","CHEMICAL, FUNGICIDE: (PYRIMETHANIL = 288201)"," (D)",""," (D)",""," (D)",""," (D)",""," (D)",""
"SURVEY","2023","YEAR","","REGION : MULTI-STATE","","","","","","","","PROGRAM STATES","00000000","","STRAWBERRIES","CHEMICAL, FUNGICIDE","CHEMICAL, FUNGICIDE: (QUINOLINE = 55459)","3,600","","0.095","","0.193","","2","","33",""
"SURVEY","2023","YEAR","","REGION : MULTI-STATE","","","","","","","","PROGRAM STATES","00000000","","STRAWBERRIES","CHEMICAL, FUNGICIDE","CHEMICAL, FUNGICIDE: (SULFUR = 77501)"," (D)",""," (D)",""," (D)",""," (D)",""," (D)",""
"SURVEY","2023","YEAR","","REGION : MULTI-STATE","","","","","","","","PROGRAM STATES","00000000","","STRAWBERRIES","CHEMICAL, FUNGICIDE","CHEMICAL, FUNGICIDE: (TETRACONAZOLE = 120603)"," (D)",""," (D)",""," (D)",""," (D)",""," (D)",""
"SURVEY","2023","YEAR","","REGION : MULTI-STATE","","","","","","","","PROGRAM STATES","00000000","","STRAWBERRIES","CHEMICAL, FUNGICIDE","CHEMICAL, FUNGICIDE: (THIOPHANATE-METHYL = 102001)"," (D)",""," (D)",""," (D)",""," (D)",""," (D)",""
"SURVEY","2023","YEAR","","REGION : MULTI-STATE","","","","","","","","PROGRAM STATES","00000000","","STRAWBERRIES","CHEMICAL, FUNGICIDE","CHEMICAL, FUNGICIDE: (THIRAM = 79801)","381,600","","2.188","","9.692","","4.4","","69",""
"SURVEY","2023","YEAR","","REGION : MULTI-STATE","","","","","","","","PROGRAM STATES","00000000","","STRAWBERRIES","CHEMICAL, FUNGICIDE","CHEMICAL, FUNGICIDE: (TOTAL)","2,641,600","","","","","","","","94",""
"SURVEY","2023","YEAR","","REGION : MULTI-STATE","","","","","","","","PROGRAM STATES","00000000","","STRAWBERRIES","CHEMICAL, FUNGICIDE","CHEMICAL, FUNGICIDE: (TRIFLOXYSTROBIN = 129112)","14,600","","0.119","","0.39","","3.3","","65",""
"SURVEY","2023","YEAR","","REGION : MULTI-STATE","","","","","","","","PROGRAM STATES","00000000","","STRAWBERRIES","CHEMICAL, FUNGICIDE","CHEMICAL, FUNGICIDE: (TRIFLUMIZOLE = 128879)","16,700","","0.248","","1.043","","4.2","","28",""
"SURVEY","2023","YEAR","","REGION : MULTI-STATE","","","","","","","","PROGRAM STATES","00000000","","STRAWBERRIES","CHEMICAL, HERBICIDE","CHEMICAL, HERBICIDE: (2,4-D, DIMETH. SALT = 30019)"," (D)",""," (D)",""," (D)",""," (D)",""," (D)",""
"SURVEY","2023","YEAR","","REGION : MULTI-STATE","","","","","","","","PROGRAM STATES","00000000","","STRAWBERRIES","CHEMICAL, HERBICIDE","CHEMICAL, HERBICIDE: (CARFENTRAZONE-ETHYL = 128712)"," (D)",""," (D)",""," (D)",""," (D)",""," (D)",""
"SURVEY","2023","YEAR","","REGION : MULTI-STATE","","","","","","","","PROGRAM STATES","00000000","","STRAWBERRIES","CHEMICAL, HERBICIDE","CHEMICAL, HERBICIDE: (CLETHODIM = 121011)"," (D)",""," (D)",""," (D)",""," (D)",""," (D)",""
"SURVEY","2023","YEAR","","REGION : MULTI-STATE","","","","","","","","PROGRAM STATES","00000000","","STRAWBERRIES","CHEMICAL, HERBICIDE","CHEMICAL, HERBICIDE: (FLUMIOXAZIN = 129034)"," (D)",""," (D)",""," (D)",""," (D)",""," (D)",""
"SURVEY","2023","YEAR","","REGION : MULTI-STATE","","","","","","","","PROGRAM STATES","00000000","","STRAWBERRIES","CHEMICAL, HERBICIDE","CHEMICAL, HERBICIDE: (GLYPHOSATE ISO. SALT = 103601)"," (D)",""," (D)",""," (D)",""," (D)",""," (D)",""
"SURVEY","2023","YEAR","","REGION : MULTI-STATE","","","","","","","","PROGRAM STATES","00000000","","STRAWBERRIES","CHEMICAL, HERBICIDE","CHEMICAL, HERBICIDE: (OXYFLUORFEN = 111601)"," (D)",""," (D)",""," (D)",""," (D)",""," (D)",""
"SURVEY","2023","YEAR","","REGION : MULTI-STATE","","","","","","","","PROGRAM STATES","00000000","","STRAWBERRIES","CHEMICAL, HERBICIDE","CHEMICAL, HERBICIDE: (PARAQUAT = 61601)"," (D)",""," (D)",""," (D)",""," (D)",""," (D)",""
"SURVEY","2023","YEAR","","REGION : MULTI-STATE","","","","","","","","PROGRAM STATES","00000000","","STRAWBERRIES","CHEMICAL, HERBICIDE","CHEMICAL, HERBICIDE: (PENDIMETHALIN = 108501)","71,400","","0.923","","5.892","","6.4","","21",""
"SURVEY","2023","YEAR","","REGION : MULTI-STATE","","","","","","","","PROGRAM STATES","00000000","","STRAWBERRIES","CHEMICAL, HERBICIDE","CHEMICAL, HERBICIDE: (TOTAL)","99,600","","","","","","","","28",""
"SURVEY","2023","YEAR","","REGION : MULTI-STATE","","","","","","","","PROGRAM STATES","00000000","","STRAWBERRIES","CHEMICAL, INSECTICIDE","CHEMICAL, INSECTICIDE: (ABAMECTIN = 122804)","400","","0.02","","0.026","","1.3","","26",""
"SURVEY","2023","YEAR","","REGION : MULTI-STATE","","","","","","","","PROGRAM STATES","00000000","","STRAWBERRIES","CHEMICAL, INSECTICIDE","CHEMICAL, INSECTICIDE: (ACEQUINOCYL = 6329)","12,800","","0.299","","0.65","","2.2","","34",""
"SURVEY","2023","YEAR","","REGION : MULTI-STATE","","","","","","","","PROGRAM STATES","00000000","","STRAWBERRIES","CHEMICAL, INSECTICIDE","CHEMICAL, INSECTICIDE: (ACETAMIPRID = 99050)","3,800","","0.131","","0.18","","1.4","","37",""
"SURVEY","2023","YEAR","","REGION : MULTI-STATE","","","","","","","","PROGRAM STATES","00000000","","STRAWBERRIES","CHEMICAL, INSECTICIDE","CHEMICAL, INSECTICIDE: (AZADIRACHTIN = 121701)","2,800","","0.03","","0.114","","3.8","","43",""
"SURVEY","2023","YEAR","","REGION : MULTI-STATE","","","","","","","","PROGRAM STATES","00000000","","STRAWBERRIES","CHEMICAL, INSECTICIDE","CHEMICAL, INSECTICIDE: (BEAUVERIA BASSIANA = 128924)"," (NA)",""," (NA)",""," (NA)",""," (D)",""," (D)",""
"SURVEY","2023","YEAR","","REGION : MULTI-STATE","","","","","","","","PROGRAM STATES","00000000","","STRAWBERRIES","CHEMICAL, INSECTICIDE","CHEMICAL, INSECTICIDE: (BIFENAZATE = 586)"," (D)",""," (D)",""," (D)",""," (D)",""," (D)",""
"SURVEY","2023","YEAR","","REGION : MULTI-STATE","","","","","","","","PROGRAM STATES","00000000","","STRAWBERRIES","CHEMICAL, INSECTICIDE","CHEMICAL, INSECTICIDE: (BIFENTHRIN = 128825)","4,700","","0.116","","0.176","","1.5","","47",""
"SURVEY","2023","YEAR","","REGION : MULTI-STATE","","","","","","","","PROGRAM STATES","00000000","","STRAWBERRIES","CHEMICAL, INSECTICIDE","CHEMICAL, INSECTICIDE: (BT KURSTAK ABTS-1857 = 6523)"," (NA)",""," (NA)",""," (NA)",""," (D)",""," (D)",""
"SURVEY","2023","YEAR","","REGION : MULTI-STATE","","","","","","","","PROGRAM STATES","00000000","","STRAWBERRIES","CHEMICAL, INSECTICIDE","CHEMICAL, INSECTICIDE: (BT KURSTAKI ABTS-351 = 6522)"," (NA)",""," (NA)",""," (NA)","","1.5","","5",""
"SURVEY","2023","YEAR","","REGION : MULTI-STATE","","","","","","","","PROGRAM STATES","00000000","","STRAWBERRIES","CHEMICAL, INSECTICIDE","CHEMICAL, INSECTICIDE: (BT KURSTAKI SA-11 = 6519)"," (NA)",""," (NA)",""," (NA)","","3.1","","26",""
"SURVEY","2023","YEAR","","REGION : MULTI-STATE","","","","","","","","PROGRAM STATES","00000000","","STRAWBERRIES","CHEMICAL, INSECTICIDE","CHEMICAL, INSECTICIDE: (CANOLA OIL = 11332)"," (D)",""," (D)",""," (D)",""," (D)",""," (D)",""
"SURVEY","2023","YEAR","","REGION : MULTI-STATE","","","","","","","","PROGRAM STATES","00000000","","STRAWBERRIES","CHEMICAL, INSECTICIDE","CHEMICAL, INSECTICIDE: (CHLORANTRANILIPROLE = 90100)","2,300","","0.062","","0.126","","2","","32",""
"SURVEY","2023","YEAR","","REGION : MULTI-STATE","","","","","","","","PROGRAM STATES","00000000","","STRAWBERRIES","CHEMICAL, INSECTICIDE","CHEMICAL, INSECTICIDE: (CHROMOBAC SUBTSUGAE PRAA4-1 CELLS AND SPENT MEDIA = 16329)"," (NA)",""," (NA)",""," (NA)",""," (D)",""," (D)",""
"SURVEY","2023","YEAR","","REGION : MULTI-STATE","","","","","","","","PROGRAM STATES","00000000","","STRAWBERRIES","CHEMICAL, INSECTICIDE","CHEMICAL, INSECTICIDE: (CYANTRANILIPROLE = 90098)"," (D)",""," (D)",""," (D)",""," (D)",""," (D)",""
"SURVEY","2023","YEAR","","REGION : MULTI-STATE","","","","","","","","PROGRAM STATES","00000000","","STRAWBERRIES","CHEMICAL, INSECTICIDE","CHEMICAL, INSECTICIDE: (CYFLUMETOFEN = 138831)","7,600","","0.178","","0.397","","2.2","","33",""
"SURVEY","2023","YEAR","","REGION : MULTI-STATE","","","","","","","","PROGRAM STATES","00000000","","STRAWBERRIES","CHEMICAL, INSECTICIDE","CHEMICAL, INSECTICIDE: (DIAZINON = 57801)"," (D)",""," (D)",""," (D)",""," (D)",""," (D)",""
"SURVEY","2023","YEAR","","REGION : MULTI-STATE","","","","","","","","PROGRAM STATES","00000000","","STRAWBERRIES","CHEMICAL, INSECTICIDE","CHEMICAL, INSECTICIDE: (ETOXAZOLE = 107091)"," (D)",""," (D)",""," (D)",""," (D)",""," (D)",""
"SURVEY","2023","YEAR","","REGION : MULTI-STATE","","","","","","","","PROGRAM STATES","00000000","","STRAWBERRIES","CHEMICAL, INSECTICIDE","CHEMICAL, INSECTICIDE: (FENBUTATIN-OXIDE = 104601)"," (D)",""," (D)",""," (D)",""," (D)",""," (D)",""
"SURVEY","2023","YEAR","","REGION : MULTI-STATE","","","","","","","","PROGRAM STATES","00000000","","STRAWBERRIES","CHEMICAL, INSECTICIDE","CHEMICAL, INSECTICIDE: (FENPROPATHRIN = 127901)"," (D)",""," (D)",""," (D)",""," (D)",""," (D)",""
"SURVEY","2023","YEAR","","REGION : MULTI-STATE","","","","","","","","PROGRAM STATES","00000000","","STRAWBERRIES","CHEMICAL, INSECTICIDE","CHEMICAL, INSECTICIDE: (FENPYROXIMATE = 129131)"," (D)",""," (D)",""," (D)",""," (D)",""," (D)",""
"SURVEY","2023","YEAR","","REGION : MULTI-STATE","","","","","","","","PROGRAM STATES","00000000","","STRAWBERRIES","CHEMICAL, INSECTICIDE","CHEMICAL, INSECTICIDE: (FLONICAMID = 128016)","6,200","","0.087","","0.197","","2.3","","55",""
"SURVEY","2023","YEAR","","REGION : MULTI-STATE","","","","","","","","PROGRAM STATES","00000000","","STRAWBERRIES","CHEMICAL, INSECTICIDE","CHEMICAL, INSECTICIDE: (FLUPYRADIFURONE = 122304)"," (D)",""," (D)",""," (D)",""," (D)",""," (D)",""
"SURVEY","2023","YEAR","","REGION : MULTI-STATE","","","","","","","","PROGRAM STATES","00000000","","STRAWBERRIES","CHEMICAL, INSECTICIDE","CHEMICAL, INSECTICIDE: (HEXYTHIAZOX = 128849)"," (D)",""," (D)",""," (D)",""," (D)",""," (D)",""
"SURVEY","2023","YEAR","","REGION : MULTI-STATE","","","","","","","","PROGRAM STATES","00000000","","STRAWBERRIES","CHEMICAL, INSECTICIDE","CHEMICAL, INSECTICIDE: (IMIDACLOPRID = 129099)"," (D)",""," (D)",""," (D)",""," (D)",""," (D)",""
"SURVEY","2023","YEAR","","REGION : MULTI-STATE","","","","","","","","PROGRAM STATES","00000000","","STRAWBERRIES","CHEMICAL, INSECTICIDE","CHEMICAL, INSECTICIDE: (LAMBDA-CYHALOTHRIN = 128897)"," (D)",""," (D)",""," (D)",""," (D)",""," (D)",""
"SURVEY","2023","YEAR","","REGION : MULTI-STATE","","","","","","","","PROGRAM STATES","00000000","","STRAWBERRIES","CHEMICAL, INSECTICIDE","CHEMICAL, INSECTICIDE: (MALATHION = 57701)"," (D)",""," (D)",""," (D)",""," (D)",""," (D)",""
"SURVEY","2023","YEAR","","REGION : MULTI-STATE","","","","","","","","PROGRAM STATES","00000000","","STRAWBERRIES","CHEMICAL, INSECTICIDE","CHEMICAL, INSECTICIDE: (METHOMYL = 90301)"," (D)",""," (D)",""," (D)",""," (D)",""," (D)",""
"SURVEY","2023","YEAR","","REGION : MULTI-STATE","","","","","","","","PROGRAM STATES","00000000","","STRAWBERRIES","CHEMICAL, INSECTICIDE","CHEMICAL, INSECTICIDE: (METHOXYFENOZIDE = 121027)","7,900","","0.169","","0.276","","1.6","","50",""
"SURVEY","2023","YEAR","","REGION : MULTI-STATE","","","","","","","","PROGRAM STATES","00000000","","STRAWBERRIES","CHEMICAL, INSECTICIDE","CHEMICAL, INSECTICIDE: (NALED = 34401)","30,900","","0.893","","1.104","","1.2","","49",""
"SURVEY","2023","YEAR","","REGION : MULTI-STATE","","","","","","","","PROGRAM STATES","00000000","","STRAWBERRIES","CHEMICAL, INSECTICIDE","CHEMICAL, INSECTICIDE: (NEEM OIL = 25006)"," (D)",""," (D)",""," (D)",""," (D)",""," (D)",""
"SURVEY","2023","YEAR","","REGION : MULTI-STATE","","","","","","","","PROGRAM STATES","00000000","","STRAWBERRIES","CHEMICAL, INSECTICIDE","CHEMICAL, INSECTICIDE: (NEEM OIL, CLAR. HYD. = 25007)"," (D)",""," (D)",""," (D)",""," (D)",""," (D)",""
"SURVEY","2023","YEAR","","REGION : MULTI-STATE","","","","","","","","PROGRAM STATES","00000000","","STRAWBERRIES","CHEMICAL, INSECTICIDE","CHEMICAL, INSECTICIDE: (NOVALURON = 124002)","7,100","","0.077","","0.219","","2.8","","57",""
"SURVEY","2023","YEAR","","REGION : MULTI-STATE","","","","","","","","PROGRAM STATES","00000000","","STRAWBERRIES","CHEMICAL, INSECTICIDE","CHEMICAL, INSECTICIDE: (PIPERONYL BUTOXIDE = 67501)"," (D)",""," (D)",""," (D)",""," (D)",""," (D)",""
"SURVEY","2023","YEAR","","REGION : MULTI-STATE","","","","","","","","PROGRAM STATES","00000000","","STRAWBERRIES","CHEMICAL, INSECTICIDE","CHEMICAL, INSECTICIDE: (PYRETHRINS = 69001)","100","","0.038","","0.075","","2","","2",""
"SURVEY","2023","YEAR","","REGION : MULTI-STATE","","","","","","","","PROGRAM STATES","00000000","","STRAWBERRIES","CHEMICAL, INSECTICIDE","CHEMICAL, INSECTICIDE: (PYRIDABEN = 129105)"," (D)",""," (D)",""," (D)",""," (D)",""," (D)",""
"SURVEY","2023","YEAR","","REGION : MULTI-STATE","","","","","","","","PROGRAM STATES","00000000","","STRAWBERRIES","CHEMICAL, INSECTICIDE","CHEMICAL, INSECTICIDE: (SPINETORAM = 110007)"," (D)",""," (D)",""," (D)",""," (D)",""," (D)",""
"SURVEY","2023","YEAR","","REGION : MULTI-STATE","","","","","","","","PROGRAM STATES","00000000","","STRAWBERRIES","CHEMICAL, INSECTICIDE","CHEMICAL, INSECTICIDE: (SPINOSAD = 110003)"," (D)",""," (D)",""," (D)",""," (D)",""," (D)",""
"SURVEY","2023","YEAR","","REGION : MULTI-STATE","","","","","","","","PROGRAM STATES","00000000","","STRAWBERRIES","CHEMICAL, INSECTICIDE","CHEMICAL, INSECTICIDE: (SULFOXAFLOR = 5210)"," (D)",""," (D)",""," (D)",""," (D)",""," (D)",""
"SURVEY","2023","YEAR","","REGION : MULTI-STATE","","","","","","","","PROGRAM STATES","00000000","","STRAWBERRIES","CHEMICAL, INSECTICIDE","CHEMICAL, INSECTICIDE: (THIAMETHOXAM = 60109)","1,700","","0.061","","0.084","","1.4","","35",""
"SURVEY","2023","YEAR","","REGION : MULTI-STATE","","","","","","","","PROGRAM STATES","00000000","","STRAWBERRIES","CHEMICAL, INSECTICIDE","CHEMICAL, INSECTICIDE: (TOTAL)","243,900","","","","","","","","86",""
"SURVEY","2023","YEAR","","REGION : MULTI-STATE","","","","","","","","PROGRAM STATES","00000000","","STRAWBERRIES","CHEMICAL, OTHER","CHEMICAL, OTHER: (ACIBENZOLAR-S-METHYL = 61402)"," (D)",""," (D)",""," (D)",""," (D)",""," (D)",""
"SURVEY","2023","YEAR","","REGION : MULTI-STATE","","","","","","","","PROGRAM STATES","00000000","","STRAWBERRIES","CHEMICAL, OTHER","CHEMICAL, OTHER: (CAPSICUM OLEORESIN EXTRACT = 70704)"," (NA)",""," (NA)",""," (NA)",""," (D)",""," (D)",""
"SURVEY","2023","YEAR","","REGION : MULTI-STATE","","","","","","","","PROGRAM STATES","00000000","","STRAWBERRIES","CHEMICAL, OTHER","CHEMICAL, OTHER: (CHLOROPICRIN = 81501)","11,299,000","","188.284","","442.413","","2.3","","45",""
"SURVEY","2023","YEAR","","REGION : MULTI-STATE","","","","","","","","PROGRAM STATES","00000000","","STRAWBERRIES","CHEMICAL, OTHER","CHEMICAL, OTHER: (CYTOKININS = 116801)"," (D)",""," (D)",""," (D)",""," (D)",""," (D)",""
"SURVEY","2023","YEAR","","REGION : MULTI-STATE","","","","","","","","PROGRAM STATES","00000000","","STRAWBERRIES","CHEMICAL, OTHER","CHEMICAL, OTHER: (DICHLOROPROPENE = 29001)","1,642,600","","111.391","","131.091","","1.2","","22",""
"SURVEY","2023","YEAR","","REGION : MULTI-STATE","","","","","","","","PROGRAM STATES","00000000","","STRAWBERRIES","CHEMICAL, OTHER","CHEMICAL, OTHER: (FLUTRIAFOL = 128940)"," (D)",""," (D)",""," (D)",""," (D)",""," (D)",""
"SURVEY","2023","YEAR","","REGION : MULTI-STATE","","","","","","","","PROGRAM STATES","00000000","","STRAWBERRIES","CHEMICAL, OTHER","CHEMICAL, OTHER: (GARLIC OIL = 128827)"," (D)",""," (D)",""," (D)",""," (D)",""," (D)",""
"SURVEY","2023","YEAR","","REGION : MULTI-STATE","","","","","","","","PROGRAM STATES","00000000","","STRAWBERRIES","CHEMICAL, OTHER","CHEMICAL, OTHER: (HYDROGEN PEROXIDE = 595)"," (D)",""," (D)",""," (D)",""," (D)",""," (D)",""
"SURVEY","2023","YEAR","","REGION : MULTI-STATE","","","","","","","","PROGRAM STATES","00000000","","STRAWBERRIES","CHEMICAL, OTHER","CHEMICAL, OTHER: (INDOLEBUTYRIC ACID = 46701)"," (D)",""," (D)",""," (D)",""," (D)",""," (D)",""
"SURVEY","2023","YEAR","","REGION : MULTI-STATE","","","","","","","","PROGRAM STATES","00000000","","STRAWBERRIES","CHEMICAL, OTHER","CHEMICAL, OTHER: (IRON PHOSPHATE = 34903)"," (D)",""," (D)",""," (D)",""," (D)",""," (D)",""
"SURVEY","2023","YEAR","","REGION : MULTI-STATE","","","","","","","","PROGRAM STATES","00000000","","STRAWBERRIES","CHEMICAL, OTHER","CHEMICAL, OTHER: (METALDEHYDE = 53001)"," (D)",""," (D)",""," (D)",""," (D)",""," (D)",""
"SURVEY","2023","YEAR","","REGION : MULTI-STATE","","","","","","","","PROGRAM STATES","00000000","","STRAWBERRIES","CHEMICAL, OTHER","CHEMICAL, OTHER: (METAM-POTASSIUM = 39002)"," (D)",""," (D)",""," (D)",""," (D)",""," (D)",""
"SURVEY","2023","YEAR","","REGION : MULTI-STATE","","","","","","","","PROGRAM STATES","00000000","","STRAWBERRIES","CHEMICAL, OTHER","CHEMICAL, OTHER: (METAM-SODIUM = 39003)"," (D)",""," (D)",""," (D)",""," (D)",""," (D)",""
"SURVEY","2023","YEAR","","REGION : MULTI-STATE","","","","","","","","PROGRAM STATES","00000000","","STRAWBERRIES","CHEMICAL, OTHER","CHEMICAL, OTHER: (PEROXYACETIC ACID = 63201)"," (D)",""," (D)",""," (D)",""," (D)",""," (D)",""
"SURVEY","2023","YEAR","","REGION : MULTI-STATE","","","","","","","","PROGRAM STATES","00000000","","STRAWBERRIES","CHEMICAL, OTHER","CHEMICAL, OTHER: (PSEUDOMONAS CHLORORAPHIS STRAIN AFS009 = 6800)"," (NA)",""," (NA)",""," (NA)",""," (D)",""," (D)",""
"SURVEY","2023","YEAR","","REGION : MULTI-STATE","","","","","","","","PROGRAM STATES","00000000","","STRAWBERRIES","CHEMICAL, OTHER","CHEMICAL, OTHER: (REYNOUTRIA SACHALINE = 55809)"," (D)",""," (D)",""," (D)",""," (D)",""," (D)",""
"SURVEY","2023","YEAR","","REGION : MULTI-STATE","","","","","","","","PROGRAM STATES","00000000","","STRAWBERRIES","CHEMICAL, OTHER","CHEMICAL, OTHER: (TOTAL)","15,617,000","","","","","","","","59",""
